{"208_2d": {"agent_rnd": {"cum_reward": [0.9559212130661261, 0.9771570661581576, 0.9830417001475156, 0.9673306868471234, 0.946134810888172, 0.9498766705444486, 0.9554454851824756, 1.02364247650344, 1.0260850793346206, 0.9841010941741324, 0.9455951195915936, 0.9557613045338066, 0.8440372107154708, 1.0566036227277997, 0.8701222900500913, 1.0506750138920538, 0.9668149818303929, 1.0407207077551641, 1.0505231007863503, 0.9217287711429063], "gt_dists": [0.701074891926627, 0.6965177016831109, 0.7118453051782431, 0.657156937903844, 0.7174627847193161, 0.705982704864992, 0.658816425120773, 0.6790200294217494, 0.707814803892657, 0.7076895860360891, 0.7466094313798681, 0.7276420299521009, 0.7099503076194983, 0.6571929248124418, 0.6766463689670726, 0.660302613480055, 0.6684304333296202, 0.6994404942300968, 0.7134958382877526, 0.6880123831909648], "cum_reward_mean": 0.973565920293592, "cum_reward_std": 0.05570249653878978, "gt_mean": 0.6945551997998436, "gt_std": 0.024804670462556102}, "rnd": {"gt_dists": [0.7037058754544389, 0.6945827063317513, 0.6636987058953655, 0.711592054550845, 0.6820687695368002, 0.7230824847864071, 0.6917002881844381, 0.6195983272239145, 0.6170179948586119, 0.706439839886979, 0.7019360121658771, 0.7293223944089943, 0.6766463689670726, 0.7166915497163332, 0.637198683232452, 0.6701474201474201, 0.6699977668602054, 0.6582382623957876, 0.6529735023668317, 0.6970841078066915], "gt_mean": 0.681186155738861, "gt_std": 0.031715972321187724}, "uni": {"gt_dists": [0.4201736573069113, 0.4198796445315233, 0.41907322694416316, 0.4193661110528707, 0.41905859347719815, 0.4184157311205634], "gt_mean": 0.4193278274055383, "gt_std": 0.0005759953611513178}}, "212_2d": {"agent_rnd": {"cum_reward": [0.9142376421443491, 0.9720894252340064, 0.9658079987622805, 0.9611394755163611, 0.9839096464763673, 0.9857778293494237, 1.0092944998839637, 0.9655875299760192, 0.8948750676877852, 0.9574649957453393, 0.9654714937727238, 0.9972924885897734, 0.9042585286609421, 0.9329388102421289, 0.8939429101879786, 0.9712384930765066, 0.9508315927902838, 0.9984373791289549, 0.9978455944921483, 0.9590276166163844], "gt_dists": [0.29348534201954396, 0.2077353161565508, 0.21797508164993348, 0.31380060949064, 0.3059163059163059, 0.24233458848843464, 0.2683544303797468, 0.37432488574989614, 0.18788447502867273, 0.26463029591012555, 0.2613298528025524, 0.23395001622849723, 0.28875891354859384, 0.207007466973004, 0.29153858598932214, 0.19796759132106564, 0.34831352082729294, 0.32288120408528936, 0.31399198466631817, 0.29993342210386154], "cum_reward_mean": 0.9590734509166859, "cum_reward_std": 0.033873207480537744, "gt_mean": 0.27210569446678234, "gt_std": 0.050885380386998955}, "rnd": {"gt_dists": [0.32871214885078437, 0.29451662989294763, 0.3017414601473543, 0.24904982378550203, 0.3296743505305525, 0.2102315814034883, 0.3108772535150522, 0.34587332053742803, 0.31429318915147814, 0.31399198466631817, 0.22090101133925835, 0.2990623184797942, 0.28790541620067106, 0.20637920174082344, 0.22023955023221706, 0.27383937390775775, 0.38690284487385934, 0.2541607898448519, 0.17239894762018657, 0.26117834625697517], "gt_mean": 0.279096477148865, "gt_std": 0.05288345797188891}, "uni": {"gt_dists": [0.5347181008902078, 0.5411411411411411, 0.5397633667814887, 0.5428528392830245, 0.5385534967124925, 0.5276720351390922], "gt_mean": 0.5374501633245745, "gt_std": 0.005040774337165802}}, "213_2d_": {"agent_rnd": {"cum_reward": [0.967678485170515, 1.0398415612018161, 0.9976466041928316, 1.0005487392522463, 0.953836344314559, 0.9675973335909573, 1.0283644092358226, 1.0280359385566613, 1.0420094676842817, 1.0038875470968989, 0.9467181914790841, 1.0417350980581586, 0.9987749975847744, 1.0473384214085595, 0.9769413583228672, 0.9874524200560333, 1.0116046758767268, 1.0246082504105885, 0.9451879045502849, 0.9437696840884938], "gt_dists": [0.7878858746492049, 0.7927058823529411, 0.8009985734664765, 0.7510031208203299, 0.8118072289156627, 0.8112208042379003, 0.8008081768481103, 0.8173216885007278, 0.8030989272943981, 0.8000474946568511, 0.8227106227106227, 0.8187120291616039, 0.8201071080817917, 0.8118072289156627, 0.8287822878228782, 0.7910307583939892, 0.7951380693887184, 0.793452661328309, 0.812002892263196, 0.8205065757428154], "cum_reward_mean": 0.9976788716066081, "cum_reward_std": 0.034278552163064184, "gt_mean": 0.8045574002776096, "gt_std": 0.01689888701897211}, "rnd": {"gt_dists": [0.8102453102453102, 0.7953257790368272, 0.807332854061826, 0.8094666025949063, 0.8159360620004844, 0.80386542591267, 0.7871495327102803, 0.799288256227758, 0.7864145658263305, 0.8108303249097473, 0.8055954088952654, 0.8088835534213685, 0.8167272727272727, 0.7927058823529411, 0.8263428991905813, 0.8181155900922779, 0.80849532037437, 0.8159360620004844, 0.8000474946568511, 0.7901031894934334], "gt_mean": 0.8054403693365492, "gt_std": 0.010733319216370829}, "uni": {"gt_dists": [0.7304856895056374, 0.7315960912052117, 0.7315960912052117, 0.730644111906311, 0.7287475665152499, 0.7311197916666666], "gt_mean": 0.7306982236673815, "gt_std": 0.0009698121799912853}}, "218_2d": {"agent_rnd": {"cum_reward": [0.6415778213900528, 0.8837983344825757, 0.9015939107834298, 0.6676170017150233, 0.8245504694213124, 1.0489709860499654, 0.8618389646210152, 0.9860499655227285, 0.8955382874520412, 0.9476254884280132, 0.9850819498223093, 0.8849431567036192, 1.1286753655474815, 1.0609894092894145, 1.177566788663166, 1.156022914125073, 0.9515726940009548, 0.8319056206792905, 1.07890432999169, 1.0886773104192082], "gt_dists": [0.7601185436071126, 0.8535298312336582, 0.7579525065963061, 0.7837265643756685, 0.8695273149941883, 0.794424778761062, 0.7569139966273187, 0.8279264946623319, 0.6991977568346445, 0.8546471498274426, 0.8588786835055492, 0.8361197783262702, 0.8027183511054479, 0.8617023829521729, 0.7950404073951068, 0.8276974851900514, 0.8121409508300538, 0.8422583444749373, 0.8543421365691173, 0.8599482709071751], "cum_reward_mean": 0.9501750384554182, "cum_reward_std": 0.1436839160904555, "gt_mean": 0.8154405864387808, "gt_std": 0.044848118740303464}, "rnd": {"gt_dists": [0.8533269961977187, 0.7771789710624851, 0.8351280321882922, 0.7237910947168975, 0.798558911177334, 0.8429899521081792, 0.8207918076254914, 0.8526380775988982, 0.890487054855669, 0.8643782196331423, 0.7953750055375891, 0.8655867322341143, 0.8243910278485662, 0.8648362235067437, 0.8232003668042183, 0.8509408028816532, 0.8568292450128854, 0.8723156155864348, 0.7856470845640521, 0.8251867172239458], "gt_mean": 0.8311788969182157, "gt_std": 0.03866781075934002}, "uni": {"gt_dists": [0.7077978396278483, 0.6941292455200944, 0.6702880289708985, 0.6663450118764845, 0.6582705457478597, 0.673367588043356], "gt_mean": 0.6783663766310902, "gt_std": 0.01709425959913609}}}